{
"lengthUnit": "mil",
"components": {
	"fields": ["COMPONENT_NO", "COMPONENT_NAME", "LAYER", "X_COORDINATE", "Y_COORDINATE", "ANGLE"],
	"rows": [
		[1, "ACT", "T", 829.89, 963.37, 180],
		[2, "C1", "T", 1158.52, 681.14, 270],
		[3, "C2", "T", 1281.56, 531.52, 0],
		[4, "C3", "T", 1407.88, 818.37, 90],
		[5, "C4", "T", 1406.88, 471.37, 90],
		[6, "C5", "T", 1623.88, 186.37, 0],
		[7, "C6", "T", 1657.88, 1094.37, 90],
		[8, "C7", "T", 2306.88, 296.37, 0],
		[9, "C8", "T", 2498.88, 936.37, 90],
		[10, "C9", "T", 3195.88, 1138.37, 180],
		[11, "C10", "T", 3666.88, 832.37, 270],
		[12, "F1", "T", 3486.88, 876.37, 180],
		[13, "P2", "T", 582.88, 1925.51, 90],
		[14, "POWER", "T", 605.89, 963.37, 180],
		[15, "R1", "T", 605.89, 1054.37, 0],
		[16, "R2", "T", 829.89, 1054.37, 0],
		[17, "R3", "T", 1854.88, 1116.37, 90],
		[18, "R4", "T", 3055.11, 834.64, 0],
		[19, "R5", "T", 3055.11, 775.59, 0],
		[20, "R6", "T", 3167.88, 907.37, 90],
		[21, "R7", "T", 2819.88, 472.37, 180],
		[22, "RESET", "T", 2812.88, 202.37, 180],
		[23, "U1", "T", 1934.88, 657.37, 0],
		[24, "U11", "T", 3487.88, 1177.06, 90],
		[25, "USB1", "T", 3370.97, 200.35, 0],
		[26, "X2", "T", 1276.64, 651.61, 270],
		[27, "PAD1", "T", 3797.88, 718.38, 0],
		[28, "PAD1", "B", 3797.88, 718.38, 0],
		[29, "PAD2", "T", 3797.88, 618.38, 0],
		[30, "PAD2", "B", 3797.88, 618.38, 0],
		[31, "PAD3", "T", 3797.88, 518.38, 0],
		[32, "PAD3", "B", 3797.88, 518.38, 0],
		[33, "PAD4", "T", 3797.88, 418.38, 0],
		[34, "PAD4", "B", 3797.88, 418.38, 0]
	]
},
"pins": {
	"fields": ["PIN_NO", "PIN_NAME", "PIN_X", "PIN_Y", "LAYER", "PIN_TYPE", "NET_NAME", "NET_TYPE", "PAD_SHAPE", "PAD_SIZEX", "PAD_SIZEY", "HOLE_SIZE", "PAD_ANGLE"],
	"rows": [
		[1, "ACT_1", 796.38, 963.37, "T", "SMD", "S$187162", "", "R", 31.5, 31.5, 0, 270],
		[2, "ACT_2", 863.38, 963.37, "T", "SMD", "LED1_2", "", "R", 31.5, 31.5, 0, 270],
		[3, "C1_1", 1158.52, 708.7, "T", "SMD", "XTAL-", "", "R", 31.5, 35.43, 0, 270],
		[4, "C1_2", 1158.52, 653.58, "T", "SMD", "GND", "GND", "R", 31.5, 35.43, 0, 270],
		[5, "C2_1", 1254, 531.52, "T", "SMD", "GND", "GND", "R", 31.5, 35.43, 0, 0],
		[6, "C2_2", 1309.12, 531.52, "T", "SMD", "XTAL+", "", "R", 31.5, 35.43, 0, 0],
		[7, "C3_1", 1407.88, 790.81, "T", "SMD", "3V3", "", "R", 31.5, 35.43, 0, 90],
		[8, "C3_2", 1407.88, 845.93, "T", "SMD", "GND", "GND", "R", 31.5, 35.43, 0, 90],
		[9, "C4_1", 1406.88, 443.81, "T", "SMD", "3V3", "", "R", 31.5, 35.43, 0, 90],
		[10, "C4_2", 1406.88, 498.93, "T", "SMD", "GND", "GND", "R", 31.5, 35.43, 0, 90],
		[11, "C5_1", 1596.32, 186.37, "T", "SMD", "GND", "GND", "R", 31.5, 35.43, 0, 0],
		[12, "C5_2", 1651.44, 186.37, "T", "SMD", "3V3", "", "R", 31.5, 35.43, 0, 0],
		[13, "C6_1", 1657.88, 1066.81, "T", "SMD", "3V3", "", "R", 31.5, 35.43, 0, 90],
		[14, "C6_2", 1657.88, 1121.93, "T", "SMD", "GND", "GND", "R", 31.5, 35.43, 0, 90],
		[15, "C7_1", 2279.32, 296.37, "T", "SMD", "3V3", "", "R", 31.5, 35.43, 0, 0],
		[16, "C7_2", 2334.44, 296.37, "T", "SMD", "GND", "GND", "R", 31.5, 35.43, 0, 0],
		[17, "C8_1", 2498.88, 908.81, "T", "SMD", "3V3", "", "R", 31.5, 35.43, 0, 90],
		[18, "C8_2", 2498.88, 963.93, "T", "SMD", "GND", "GND", "R", 31.5, 35.43, 0, 90],
		[19, "C9_1", 3243.12, 1138.37, "T", "SMD", "3V3", "", "R", 47.24, 55.12, 0, 180],
		[20, "C9_2", 3148.64, 1138.37, "T", "SMD", "GND", "GND", "R", 47.24, 55.12, 0, 180],
		[21, "C10_1", 3666.88, 879.61, "T", "SMD", "5VOUT", "", "R", 47.24, 55.12, 0, 270],
		[22, "C10_2", 3666.88, 785.13, "T", "SMD", "GND", "GND", "R", 47.24, 55.12, 0, 270],
		[23, "F1_1", 3543.77, 876.37, "T", "SMD", "5VOUT", "", "R", 46.85, 68.03, 0, 180],
		[24, "F1_2", 3429.99, 876.37, "T", "SMD", "VUSB", "", "R", 46.85, 68.03, 0, 180],
		[25, "P2_1", 582.88, 1725.51, "T", "DIP", "P2_1", "", "C", 60, 60, 31.5, 90],
		[26, "P2_1", 582.88, 1725.51, "B", "DIP", "P2_1", "", "C", 60, 60, 31.5, 90],
		[27, "P2_2", 682.88, 1725.51, "T", "DIP", "/MRES", "", "C", 60, 60, 31.5, 90],
		[28, "P2_2", 682.88, 1725.51, "B", "DIP", "/MRES", "", "C", 60, 60, 31.5, 90],
		[29, "P2_3", 782.88, 1725.51, "T", "DIP", "SR1", "", "C", 60, 60, 31.5, 90],
		[30, "P2_3", 782.88, 1725.51, "B", "DIP", "SR1", "", "C", 60, 60, 31.5, 90],
		[31, "P2_4", 882.88, 1725.51, "T", "DIP", "A9", "", "C", 60, 60, 31.5, 90],
		[32, "P2_4", 882.88, 1725.51, "B", "DIP", "A9", "", "C", 60, 60, 31.5, 90],
		[33, "P2_5", 982.88, 1725.51, "T", "DIP", "A10", "", "C", 60, 60, 31.5, 90],
		[34, "P2_5", 982.88, 1725.51, "B", "DIP", "A10", "", "C", 60, 60, 31.5, 90],
		[35, "P2_6", 1082.88, 1725.51, "T", "DIP", "A18", "", "C", 60, 60, 31.5, 90],
		[36, "P2_6", 1082.88, 1725.51, "B", "DIP", "A18", "", "C", 60, 60, 31.5, 90],
		[37, "P2_7", 1182.88, 1725.51, "T", "DIP", "A19", "", "C", 60, 60, 31.5, 90],
		[38, "P2_7", 1182.88, 1725.51, "B", "DIP", "A19", "", "C", 60, 60, 31.5, 90],
		[39, "P2_8", 1282.88, 1725.51, "T", "DIP", "A20", "", "C", 60, 60, 31.5, 90],
		[40, "P2_8", 1282.88, 1725.51, "B", "DIP", "A20", "", "C", 60, 60, 31.5, 90],
		[41, "P2_9", 1382.88, 1725.51, "T", "DIP", "A21", "", "C", 60, 60, 31.5, 90],
		[42, "P2_9", 1382.88, 1725.51, "B", "DIP", "A21", "", "C", 60, 60, 31.5, 90],
		[43, "P2_10", 1482.88, 1725.51, "T", "DIP", "A22", "", "C", 60, 60, 31.5, 90],
		[44, "P2_10", 1482.88, 1725.51, "B", "DIP", "A22", "", "C", 60, 60, 31.5, 90],
		[45, "P2_11", 1582.88, 1725.51, "T", "DIP", "A23", "", "C", 60, 60, 31.5, 90],
		[46, "P2_11", 1582.88, 1725.51, "B", "DIP", "A23", "", "C", 60, 60, 31.5, 90],
		[47, "P2_12", 1682.88, 1725.51, "T", "DIP", "YS", "", "C", 60, 60, 31.5, 90],
		[48, "P2_12", 1682.88, 1725.51, "B", "DIP", "YS", "", "C", 60, 60, 31.5, 90],
		[49, "P2_13", 1782.88, 1725.51, "T", "DIP", "VSYNC", "", "C", 60, 60, 31.5, 90],
		[50, "P2_13", 1782.88, 1725.51, "B", "DIP", "VSYNC", "", "C", 60, 60, 31.5, 90],
		[51, "P2_14", 1882.88, 1725.51, "T", "DIP", "HSYNC", "", "C", 60, 60, 31.5, 90],
		[52, "P2_14", 1882.88, 1725.51, "B", "DIP", "HSYNC", "", "C", 60, 60, 31.5, 90],
		[53, "P2_15", 1982.88, 1725.51, "T", "DIP", "EDCLK", "", "C", 60, 60, 31.5, 90],
		[54, "P2_15", 1982.88, 1725.51, "B", "DIP", "EDCLK", "", "C", 60, 60, 31.5, 90],
		[55, "P2_16", 2082.88, 1725.51, "T", "DIP", "CAS0", "", "C", 60, 60, 31.5, 90],
		[56, "P2_16", 2082.88, 1725.51, "B", "DIP", "CAS0", "", "C", 60, 60, 31.5, 90],
		[57, "P2_17", 2182.88, 1725.51, "T", "DIP", "CE_0", "", "C", 60, 60, 31.5, 90],
		[58, "P2_17", 2182.88, 1725.51, "B", "DIP", "CE_0", "", "C", 60, 60, 31.5, 90],
		[59, "P2_18", 2282.88, 1725.51, "T", "DIP", "AS", "", "C", 60, 60, 31.5, 90],
		[60, "P2_18", 2282.88, 1725.51, "B", "DIP", "AS", "", "C", 60, 60, 31.5, 90],
		[61, "P2_19", 2382.88, 1725.51, "T", "DIP", "VCLK", "", "C", 60, 60, 31.5, 90],
		[62, "P2_19", 2382.88, 1725.51, "B", "DIP", "VCLK", "", "C", 60, 60, 31.5, 90],
		[63, "P2_20", 2482.88, 1725.51, "T", "DIP", "DTACK", "", "C", 60, 60, 31.5, 90],
		[64, "P2_20", 2482.88, 1725.51, "B", "DIP", "DTACK", "", "C", 60, 60, 31.5, 90],
		[65, "P2_21", 2582.88, 1725.51, "T", "DIP", "CAS2", "", "C", 60, 60, 36, 90],
		[66, "P2_21", 2582.88, 1725.51, "B", "DIP", "CAS2", "", "C", 60, 60, 36, 90],
		[67, "P2_22", 2682.88, 1725.51, "T", "DIP", "D15", "", "C", 60, 60, 36, 90],
		[68, "P2_22", 2682.88, 1725.51, "B", "DIP", "D15", "", "C", 60, 60, 36, 90],
		[69, "P2_23", 2782.88, 1725.51, "T", "DIP", "D14", "", "C", 60, 60, 36, 90],
		[70, "P2_23", 2782.88, 1725.51, "B", "DIP", "D14", "", "C", 60, 60, 36, 90],
		[71, "P2_24", 2882.88, 1725.51, "T", "DIP", "D13", "", "C", 60, 60, 36, 90],
		[72, "P2_24", 2882.88, 1725.51, "B", "DIP", "D13", "", "C", 60, 60, 36, 90],
		[73, "P2_25", 2982.88, 1725.51, "T", "DIP", "D12", "", "C", 60, 60, 36, 90],
		[74, "P2_25", 2982.88, 1725.51, "B", "DIP", "D12", "", "C", 60, 60, 36, 90],
		[75, "P2_26", 3082.88, 1725.51, "T", "DIP", "ASEL", "", "C", 60, 60, 36, 90],
		[76, "P2_26", 3082.88, 1725.51, "B", "DIP", "ASEL", "", "C", 60, 60, 36, 90],
		[77, "P2_27", 3182.88, 1725.51, "T", "DIP", "VRES", "", "C", 60, 60, 36, 90],
		[78, "P2_27", 3182.88, 1725.51, "B", "DIP", "VRES", "", "C", 60, 60, 36, 90],
		[79, "P2_28", 3282.88, 1725.51, "T", "DIP", "LWR", "", "C", 60, 60, 36, 90],
		[80, "P2_28", 3282.88, 1725.51, "B", "DIP", "LWR", "", "C", 60, 60, 36, 90],
		[81, "P2_29", 3382.88, 1725.51, "T", "DIP", "UWR", "", "C", 60, 60, 36, 90],
		[82, "P2_29", 3382.88, 1725.51, "B", "DIP", "UWR", "", "C", 60, 60, 36, 90],
		[83, "P2_30", 3482.88, 1725.51, "T", "DIP", "M3", "", "C", 60, 60, 36, 90],
		[84, "P2_30", 3482.88, 1725.51, "B", "DIP", "M3", "", "C", 60, 60, 36, 90],
		[85, "P2_31", 3582.88, 1725.51, "T", "DIP", "TIME", "", "C", 60, 60, 36, 90],
		[86, "P2_31", 3582.88, 1725.51, "B", "DIP", "TIME", "", "C", 60, 60, 36, 90],
		[87, "P2_32", 3682.88, 1725.51, "T", "DIP", "/CART", "", "C", 60, 60, 36, 90],
		[88, "P2_32", 3682.88, 1725.51, "B", "DIP", "/CART", "", "C", 60, 60, 36, 90],
		[89, "P2_33", 3682.88, 1925.51, "T", "DIP", "GND", "GND", "C", 60, 60, 36, 270],
		[90, "P2_33", 3682.88, 1925.51, "B", "DIP", "GND", "GND", "C", 60, 60, 36, 270],
		[91, "P2_34", 3582.88, 1925.51, "T", "DIP", "5VOUT", "", "C", 60, 60, 36, 270],
		[92, "P2_34", 3582.88, 1925.51, "B", "DIP", "5VOUT", "", "C", 60, 60, 36, 270],
		[93, "P2_35", 3482.88, 1925.51, "T", "DIP", "D11", "", "C", 60, 60, 36, 270],
		[94, "P2_35", 3482.88, 1925.51, "B", "DIP", "D11", "", "C", 60, 60, 36, 270],
		[95, "P2_36", 3382.88, 1925.51, "T", "DIP", "D3", "", "C", 60, 60, 36, 270],
		[96, "P2_36", 3382.88, 1925.51, "B", "DIP", "D3", "", "C", 60, 60, 36, 270],
		[97, "P2_37", 3282.88, 1925.51, "T", "DIP", "D4", "", "C", 60, 60, 36, 270],
		[98, "P2_37", 3282.88, 1925.51, "B", "DIP", "D4", "", "C", 60, 60, 36, 270],
		[99, "P2_38", 3182.88, 1925.51, "T", "DIP", "D10", "", "C", 60, 60, 36, 270],
		[100, "P2_38", 3182.88, 1925.51, "B", "DIP", "D10", "", "C", 60, 60, 36, 270],
		[101, "P2_39", 3082.88, 1925.51, "T", "DIP", "D2", "", "C", 60, 60, 36, 270],
		[102, "P2_39", 3082.88, 1925.51, "B", "DIP", "D2", "", "C", 60, 60, 36, 270],
		[103, "P2_40", 2982.88, 1925.51, "T", "DIP", "D5", "", "C", 60, 60, 36, 270],
		[104, "P2_40", 2982.88, 1925.51, "B", "DIP", "D5", "", "C", 60, 60, 36, 270],
		[105, "P2_41", 2882.88, 1925.51, "T", "DIP", "D9", "", "C", 60, 60, 36, 270],
		[106, "P2_41", 2882.88, 1925.51, "B", "DIP", "D9", "", "C", 60, 60, 36, 270],
		[107, "P2_42", 2782.88, 1925.51, "T", "DIP", "D1", "", "C", 60, 60, 36, 270],
		[108, "P2_42", 2782.88, 1925.51, "B", "DIP", "D1", "", "C", 60, 60, 36, 270],
		[109, "P2_43", 2682.88, 1925.51, "T", "DIP", "D6", "", "C", 60, 60, 36, 270],
		[110, "P2_43", 2682.88, 1925.51, "B", "DIP", "D6", "", "C", 60, 60, 36, 270],
		[111, "P2_44", 2582.88, 1925.51, "T", "DIP", "D8", "", "C", 60, 60, 36, 270],
		[112, "P2_44", 2582.88, 1925.51, "B", "DIP", "D8", "", "C", 60, 60, 36, 270],
		[113, "P2_45", 2482.88, 1925.51, "T", "DIP", "D0", "", "C", 60, 60, 36, 270],
		[114, "P2_45", 2482.88, 1925.51, "B", "DIP", "D0", "", "C", 60, 60, 36, 270],
		[115, "P2_46", 2382.88, 1925.51, "T", "DIP", "D7", "", "C", 60, 60, 36, 270],
		[116, "P2_46", 2382.88, 1925.51, "B", "DIP", "D7", "", "C", 60, 60, 36, 270],
		[117, "P2_47", 2282.88, 1925.51, "T", "DIP", "GND", "GND", "C", 60, 60, 36, 270],
		[118, "P2_47", 2282.88, 1925.51, "B", "DIP", "GND", "GND", "C", 60, 60, 36, 270],
		[119, "P2_48", 2182.88, 1925.51, "T", "DIP", "A1", "", "C", 60, 60, 36, 270],
		[120, "P2_48", 2182.88, 1925.51, "B", "DIP", "A1", "", "C", 60, 60, 36, 270],
		[121, "P2_49", 2082.88, 1925.51, "T", "DIP", "A17", "", "C", 60, 60, 36, 270],
		[122, "P2_49", 2082.88, 1925.51, "B", "DIP", "A17", "", "C", 60, 60, 36, 270],
		[123, "P2_50", 1982.88, 1925.51, "T", "DIP", "A2", "", "C", 60, 60, 36, 270],
		[124, "P2_50", 1982.88, 1925.51, "B", "DIP", "A2", "", "C", 60, 60, 36, 270],
		[125, "P2_51", 1882.88, 1925.51, "T", "DIP", "A16", "", "C", 60, 60, 36, 270],
		[126, "P2_51", 1882.88, 1925.51, "B", "DIP", "A16", "", "C", 60, 60, 36, 270],
		[127, "P2_52", 1782.88, 1925.51, "T", "DIP", "A3", "", "C", 60, 60, 36, 270],
		[128, "P2_52", 1782.88, 1925.51, "B", "DIP", "A3", "", "C", 60, 60, 36, 270],
		[129, "P2_53", 1682.88, 1925.51, "T", "DIP", "A15", "", "C", 60, 60, 36, 270],
		[130, "P2_53", 1682.88, 1925.51, "B", "DIP", "A15", "", "C", 60, 60, 36, 270],
		[131, "P2_54", 1582.88, 1925.51, "T", "DIP", "A4", "", "C", 60, 60, 36, 270],
		[132, "P2_54", 1582.88, 1925.51, "B", "DIP", "A4", "", "C", 60, 60, 36, 270],
		[133, "P2_55", 1482.88, 1925.51, "T", "DIP", "A14", "", "C", 60, 60, 36, 270],
		[134, "P2_55", 1482.88, 1925.51, "B", "DIP", "A14", "", "C", 60, 60, 36, 270],
		[135, "P2_56", 1382.88, 1925.51, "T", "DIP", "A5", "", "C", 60, 60, 36, 270],
		[136, "P2_56", 1382.88, 1925.51, "B", "DIP", "A5", "", "C", 60, 60, 36, 270],
		[137, "P2_57", 1282.88, 1925.51, "T", "DIP", "A13", "", "C", 60, 60, 36, 270],
		[138, "P2_57", 1282.88, 1925.51, "B", "DIP", "A13", "", "C", 60, 60, 36, 270],
		[139, "P2_58", 1182.88, 1925.51, "T", "DIP", "A6", "", "C", 60, 60, 36, 270],
		[140, "P2_58", 1182.88, 1925.51, "B", "DIP", "A6", "", "C", 60, 60, 36, 270],
		[141, "P2_59", 1082.88, 1925.51, "T", "DIP", "A12", "", "C", 60, 60, 36, 270],
		[142, "P2_59", 1082.88, 1925.51, "B", "DIP", "A12", "", "C", 60, 60, 36, 270],
		[143, "P2_60", 982.88, 1925.51, "T", "DIP", "A7", "", "C", 60, 60, 36, 270],
		[144, "P2_60", 982.88, 1925.51, "B", "DIP", "A7", "", "C", 60, 60, 36, 270],
		[145, "P2_61", 882.88, 1925.51, "T", "DIP", "A11", "", "C", 60, 60, 36, 270],
		[146, "P2_61", 882.88, 1925.51, "B", "DIP", "A11", "", "C", 60, 60, 36, 270],
		[147, "P2_62", 782.88, 1925.51, "T", "DIP", "A8", "", "C", 60, 60, 36, 270],
		[148, "P2_62", 782.88, 1925.51, "B", "DIP", "A8", "", "C", 60, 60, 36, 270],
		[149, "P2_63", 682.88, 1925.51, "T", "DIP", "5VOUT", "", "C", 60, 60, 36, 270],
		[150, "P2_63", 682.88, 1925.51, "B", "DIP", "5VOUT", "", "C", 60, 60, 36, 270],
		[151, "P2_64", 582.88, 1925.51, "T", "DIP", "GND", "GND", "C", 60, 60, 36, 270],
		[152, "P2_64", 582.88, 1925.51, "B", "DIP", "GND", "GND", "C", 60, 60, 36, 270],
		[153, "POWER_1", 572.38, 963.37, "T", "SMD", "3V3", "", "R", 31.5, 31.5, 0, 270],
		[154, "POWER_2", 639.38, 963.37, "T", "SMD", "LED1_1", "", "R", 31.5, 31.5, 0, 270],
		[155, "R1_1", 578.32, 1054.37, "T", "SMD", "GND", "GND", "R", 31.5, 35.43, 0, 0],
		[156, "R1_2", 633.44, 1054.37, "T", "SMD", "LED1_1", "", "R", 31.5, 35.43, 0, 0],
		[157, "R2_1", 802.32, 1054.37, "T", "SMD", "GND", "GND", "R", 31.5, 35.43, 0, 0],
		[158, "R2_2", 857.44, 1054.37, "T", "SMD", "LED1_2", "", "R", 31.5, 35.43, 0, 0],
		[159, "R3_1", 1854.88, 1086.71, "T", "SMD", "BOOT0", "", "R", 31.75, 34.02, 0, 90],
		[160, "R3_2", 1854.88, 1146.03, "T", "SMD", "GND", "GND", "R", 31.75, 34.02, 0, 90],
		[161, "R4_1", 3025.45, 834.64, "T", "SMD", "S$187734", "", "R", 31.75, 34.02, 0, 0],
		[162, "R4_2", 3084.77, 834.64, "T", "SMD", "USB1_A6", "", "R", 31.75, 34.02, 0, 0],
		[163, "R5_1", 3025.45, 775.59, "T", "SMD", "S$187738", "", "R", 31.75, 34.02, 0, 0],
		[164, "R5_2", 3084.77, 775.59, "T", "SMD", "USB1_A7", "", "R", 31.75, 34.02, 0, 0],
		[165, "R6_1", 3167.88, 877.71, "T", "SMD", "USB1_A6", "", "R", 31.75, 34.02, 0, 90],
		[166, "R6_2", 3167.88, 937.03, "T", "SMD", "3V3", "", "R", 31.75, 34.02, 0, 90],
		[167, "R7_1", 2849.54, 472.37, "T", "SMD", "NRST", "", "R", 31.75, 34.02, 0, 180],
		[168, "R7_2", 2790.22, 472.37, "T", "SMD", "3V3", "", "R", 31.75, 34.02, 0, 180],
		[169, "RESET_1", 2930.99, 129.53, "T", "SMD", "GND", "GND", "R", 47.24, 47.24, 0, 180],
		[170, "RESET_2", 2694.77, 129.53, "T", "SMD", "GND", "GND", "R", 47.24, 47.24, 0, 180],
		[171, "RESET_3", 2930.99, 275.2, "T", "SMD", "NRST", "", "R", 47.24, 47.24, 0, 180],
		[172, "RESET_4", 2694.77, 275.2, "T", "SMD", "NRST", "", "R", 47.24, 47.24, 0, 180],
		[173, "U1_1", 1636.65, 893.59, "T", "SMD", "D2", "", "O", 80, 11, 0, 0],
		[174, "U1_2", 1636.65, 873.9, "T", "SMD", "D3", "", "O", 80, 11, 0, 0],
		[175, "U1_3", 1636.65, 854.22, "T", "SMD", "D4", "", "O", 80, 11, 0, 0],
		[176, "U1_4", 1636.65, 834.53, "T", "SMD", "D5", "", "O", 80, 11, 0, 0],
		[177, "U1_5", 1636.65, 814.85, "T", "SMD", "D6", "", "O", 80, 11, 0, 0],
		[178, "U1_6", 1636.65, 795.16, "T", "SMD", "3V3", "", "O", 80, 11, 0, 0],
		[179, "U1_7", 1636.65, 775.48, "T", "SMD", "S$187162", "", "O", 80, 11, 0, 0],
		[180, "U1_8", 1636.65, 755.79, "T", "SMD", "U1_8", "", "O", 80, 11, 0, 0],
		[181, "U1_9", 1636.65, 736.11, "T", "SMD", "U1_9", "", "O", 80, 11, 0, 0],
		[182, "U1_10", 1636.65, 716.42, "T", "SMD", "GND", "GND", "O", 80, 11, 0, 0],
		[183, "U1_11", 1636.65, 696.74, "T", "SMD", "3V3", "", "O", 80, 11, 0, 0],
		[184, "U1_12", 1636.65, 677.05, "T", "SMD", "XTAL-", "", "O", 80, 11, 0, 0],
		[185, "U1_13", 1636.65, 657.37, "T", "SMD", "XTAL+", "", "O", 80, 11, 0, 0],
		[186, "U1_14", 1636.65, 637.68, "T", "SMD", "NRST", "", "O", 80, 11, 0, 0],
		[187, "U1_15", 1636.65, 618, "T", "SMD", "U1_15", "", "O", 80, 11, 0, 0],
		[188, "U1_16", 1636.65, 598.31, "T", "SMD", "U1_16", "", "O", 80, 11, 0, 0],
		[189, "U1_17", 1636.65, 578.63, "T", "SMD", "U1_17", "", "O", 80, 11, 0, 0],
		[190, "U1_18", 1636.65, 558.94, "T", "SMD", "U1_18", "", "O", 80, 11, 0, 0],
		[191, "U1_19", 1636.65, 539.26, "T", "SMD", "GND", "GND", "O", 80, 11, 0, 0],
		[192, "U1_20", 1636.65, 519.57, "T", "SMD", "GND", "GND", "O", 80, 11, 0, 0],
		[193, "U1_21", 1636.65, 499.89, "T", "SMD", "3V3", "", "O", 80, 11, 0, 0],
		[194, "U1_22", 1636.65, 480.2, "T", "SMD", "3V3", "", "O", 80, 11, 0, 0],
		[195, "U1_23", 1636.65, 460.52, "T", "SMD", "A17", "", "O", 80, 11, 0, 0],
		[196, "U1_24", 1636.65, 440.83, "T", "SMD", "A18", "", "O", 80, 11, 0, 0],
		[197, "U1_25", 1636.65, 421.15, "T", "SMD", "A19", "", "O", 80, 11, 0, 0],
		[198, "U1_26", 1698.66, 359.14, "T", "SMD", "A20", "", "O", 80, 11, 0, 90],
		[199, "U1_27", 1718.34, 359.14, "T", "SMD", "GND", "GND", "O", 80, 11, 0, 90],
		[200, "U1_28", 1738.03, 359.14, "T", "SMD", "3V3", "", "O", 80, 11, 0, 90],
		[201, "U1_29", 1757.72, 359.14, "T", "SMD", "A21", "", "O", 80, 11, 0, 90],
		[202, "U1_30", 1777.4, 359.14, "T", "SMD", "A22", "", "O", 80, 11, 0, 90],
		[203, "U1_31", 1797.09, 359.14, "T", "SMD", "A23", "", "O", 80, 11, 0, 90],
		[204, "U1_32", 1816.77, 359.14, "T", "SMD", "U1_32", "", "O", 80, 11, 0, 90],
		[205, "U1_33", 1836.46, 359.14, "T", "SMD", "U1_33", "", "O", 80, 11, 0, 90],
		[206, "U1_34", 1856.14, 359.14, "T", "SMD", "U1_34", "", "O", 80, 11, 0, 90],
		[207, "U1_35", 1875.83, 359.14, "T", "SMD", "U1_35", "", "O", 80, 11, 0, 90],
		[208, "U1_36", 1895.51, 359.14, "T", "SMD", "U1_36", "", "O", 80, 11, 0, 90],
		[209, "U1_37", 1915.2, 359.14, "T", "SMD", "U1_37", "", "O", 80, 11, 0, 90],
		[210, "U1_38", 1934.88, 359.14, "T", "SMD", "D7", "", "O", 80, 11, 0, 90],
		[211, "U1_39", 1954.57, 359.14, "T", "SMD", "D8", "", "O", 80, 11, 0, 90],
		[212, "U1_40", 1974.25, 359.14, "T", "SMD", "D9", "", "O", 80, 11, 0, 90],
		[213, "U1_41", 1993.94, 359.14, "T", "SMD", "D10", "", "O", 80, 11, 0, 90],
		[214, "U1_42", 2013.62, 359.14, "T", "SMD", "D11", "", "O", 80, 11, 0, 90],
		[215, "U1_43", 2033.31, 359.14, "T", "SMD", "D12", "", "O", 80, 11, 0, 90],
		[216, "U1_44", 2052.99, 359.14, "T", "SMD", "D13", "", "O", 80, 11, 0, 90],
		[217, "U1_45", 2072.68, 359.14, "T", "SMD", "D14", "", "O", 80, 11, 0, 90],
		[218, "U1_46", 2092.36, 359.14, "T", "SMD", "D15", "", "O", 80, 11, 0, 90],
		[219, "U1_47", 2112.05, 359.14, "T", "SMD", "U1_47", "", "O", 80, 11, 0, 90],
		[220, "U1_48", 2131.73, 359.14, "T", "SMD", "/CART", "", "O", 80, 11, 0, 90],
		[221, "U1_49", 2151.42, 359.14, "T", "SMD", "GND", "GND", "O", 80, 11, 0, 90],
		[222, "U1_50", 2171.1, 359.14, "T", "SMD", "3V3", "", "O", 80, 11, 0, 90],
		[223, "U1_51", 2233.11, 421.15, "T", "SMD", "TIME", "", "O", 80, 11, 0, 0],
		[224, "U1_52", 2233.11, 440.83, "T", "SMD", "M3", "", "O", 80, 11, 0, 0],
		[225, "U1_53", 2233.11, 460.52, "T", "SMD", "LWR", "", "O", 80, 11, 0, 0],
		[226, "U1_54", 2233.11, 480.2, "T", "SMD", "VRES", "", "O", 80, 11, 0, 0],
		[227, "U1_55", 2233.11, 499.89, "T", "SMD", "A9", "", "O", 80, 11, 0, 0],
		[228, "U1_56", 2233.11, 519.57, "T", "SMD", "A10", "", "O", 80, 11, 0, 0],
		[229, "U1_57", 2233.11, 539.26, "T", "SMD", "A11", "", "O", 80, 11, 0, 0],
		[230, "U1_58", 2233.11, 558.94, "T", "SMD", "A12", "", "O", 80, 11, 0, 0],
		[231, "U1_59", 2233.11, 578.63, "T", "SMD", "A13", "", "O", 80, 11, 0, 0],
		[232, "U1_60", 2233.11, 598.31, "T", "SMD", "A14", "", "O", 80, 11, 0, 0],
		[233, "U1_61", 2233.11, 618, "T", "SMD", "A15", "", "O", 80, 11, 0, 0],
		[234, "U1_62", 2233.11, 637.68, "T", "SMD", "A16", "", "O", 80, 11, 0, 0],
		[235, "U1_63", 2233.11, 657.37, "T", "SMD", "U1_63", "", "O", 80, 11, 0, 0],
		[236, "U1_64", 2233.11, 677.05, "T", "SMD", "U1_64", "", "O", 80, 11, 0, 0],
		[237, "U1_65", 2233.11, 696.74, "T", "SMD", "U1_65", "", "O", 80, 11, 0, 0],
		[238, "U1_66", 2233.11, 716.42, "T", "SMD", "U1_66", "", "O", 80, 11, 0, 0],
		[239, "U1_67", 2233.11, 736.11, "T", "SMD", "U1_67", "", "O", 80, 11, 0, 0],
		[240, "U1_68", 2233.11, 755.79, "T", "SMD", "U1_68", "", "O", 80, 11, 0, 0],
		[241, "U1_69", 2233.11, 775.48, "T", "SMD", "U1_69", "", "O", 80, 11, 0, 0],
		[242, "U1_70", 2233.11, 795.16, "T", "SMD", "S$187738", "", "O", 80, 11, 0, 0],
		[243, "U1_71", 2233.11, 814.85, "T", "SMD", "S$187734", "", "O", 80, 11, 0, 0],
		[244, "U1_72", 2233.11, 834.53, "T", "SMD", "JTAG14", "", "O", 80, 11, 0, 0],
		[245, "U1_73", 2233.11, 854.22, "T", "SMD", "U1_73", "", "O", 80, 11, 0, 0],
		[246, "U1_74", 2233.11, 873.9, "T", "SMD", "GND", "GND", "O", 80, 11, 0, 0],
		[247, "U1_75", 2233.11, 893.59, "T", "SMD", "3V3", "", "O", 80, 11, 0, 0],
		[248, "U1_76", 2171.1, 955.6, "T", "SMD", "JTAG12", "", "O", 80, 11, 0, 90],
		[249, "U1_77", 2151.42, 955.6, "T", "SMD", "U1_77", "", "O", 80, 11, 0, 90],
		[250, "U1_78", 2131.73, 955.6, "T", "SMD", "U1_78", "", "O", 80, 11, 0, 90],
		[251, "U1_79", 2112.05, 955.6, "T", "SMD", "U1_79", "", "O", 80, 11, 0, 90],
		[252, "U1_80", 2092.36, 955.6, "T", "SMD", "U1_80", "", "O", 80, 11, 0, 90],
		[253, "U1_81", 2072.67, 955.6, "T", "SMD", "A1", "", "O", 80, 11, 0, 90],
		[254, "U1_82", 2052.99, 955.6, "T", "SMD", "A2", "", "O", 80, 11, 0, 90],
		[255, "U1_83", 2033.31, 955.6, "T", "SMD", "A3", "", "O", 80, 11, 0, 90],
		[256, "U1_84", 2013.62, 955.6, "T", "SMD", "A4", "", "O", 80, 11, 0, 90],
		[257, "U1_85", 1993.94, 955.6, "T", "SMD", "A5", "", "O", 80, 11, 0, 90],
		[258, "U1_86", 1974.25, 955.6, "T", "SMD", "A6", "", "O", 80, 11, 0, 90],
		[259, "U1_87", 1954.57, 955.6, "T", "SMD", "A7", "", "O", 80, 11, 0, 90],
		[260, "U1_88", 1934.88, 955.6, "T", "SMD", "A8", "", "O", 80, 11, 0, 90],
		[261, "U1_89", 1915.2, 955.6, "T", "SMD", "U1_89", "", "O", 80, 11, 0, 90],
		[262, "U1_90", 1895.51, 955.6, "T", "SMD", "CAS0", "", "O", 80, 11, 0, 90],
		[263, "U1_91", 1875.83, 955.6, "T", "SMD", "ASEL", "", "O", 80, 11, 0, 90],
		[264, "U1_92", 1856.14, 955.6, "T", "SMD", "CE_0", "", "O", 80, 11, 0, 90],
		[265, "U1_93", 1836.46, 955.6, "T", "SMD", "AS", "", "O", 80, 11, 0, 90],
		[266, "U1_94", 1816.77, 955.6, "T", "SMD", "BOOT0", "", "O", 80, 11, 0, 90],
		[267, "U1_95", 1797.09, 955.6, "T", "SMD", "VCLK", "", "O", 80, 11, 0, 90],
		[268, "U1_96", 1777.4, 955.6, "T", "SMD", "/MRES", "", "O", 80, 11, 0, 90],
		[269, "U1_97", 1757.72, 955.6, "T", "SMD", "D0", "", "O", 80, 11, 0, 90],
		[270, "U1_98", 1738.03, 955.6, "T", "SMD", "D1", "", "O", 80, 11, 0, 90],
		[271, "U1_99", 1718.34, 955.6, "T", "SMD", "GND", "GND", "O", 80, 11, 0, 90],
		[272, "U1_100", 1698.66, 955.6, "T", "SMD", "3V3", "", "O", 80, 11, 0, 90],
		[273, "U11_1", 3397.33, 1065.84, "T", "SMD", "GND", "GND", "R", 100.39, 39.96, 0, 90],
		[274, "U11_2", 3487.88, 1065.84, "T", "SMD", "3V3", "", "R", 100.39, 39.96, 0, 90],
		[275, "U11_3", 3578.43, 1065.84, "T", "SMD", "5VOUT", "", "R", 100.39, 39.96, 0, 90],
		[276, "U11_4", 3487.88, 1288.28, "T", "SMD", "3V3", "", "R", 100.39, 141.73, 0, 90],
		[277, "USB1_1", 3200.88, 270.73, "T", "DIP", "GND", "GND", "O", 39.37, 82.68, 66.93, 0],
		[278, "USB1_1", 3200.88, 270.73, "B", "DIP", "GND", "GND", "O", 39.37, 82.68, 66.93, 0],
		[279, "USB1_2", 3541.04, 270.73, "T", "DIP", "GND", "GND", "O", 39.37, 82.68, 66.93, 0],
		[280, "USB1_2", 3541.04, 270.73, "B", "DIP", "GND", "GND", "O", 39.37, 82.68, 66.93, 0],
		[281, "USB1_3", 3200.88, 107.35, "T", "DIP", "GND", "GND", "O", 39.37, 70.87, 55.12, 0],
		[282, "USB1_3", 3200.88, 107.35, "B", "DIP", "GND", "GND", "O", 39.37, 70.87, 55.12, 0],
		[283, "USB1_4", 3541.04, 107.35, "T", "DIP", "GND", "GND", "O", 39.37, 70.87, 55.12, 0],
		[284, "USB1_4", 3541.04, 107.35, "B", "DIP", "GND", "GND", "O", 39.37, 70.87, 55.12, 0],
		[285, "USB1_A1B12", 3244.98, 293.37, "T", "SMD", "GND", "GND", "R", 23.62, 45.28, 0, 0],
		[286, "USB1_A4B9", 3276.47, 293.37, "T", "SMD", "VUSB", "", "R", 23.62, 45.28, 0, 0],
		[287, "USB1_A5", 3321.75, 293.37, "T", "SMD", "USB1_A5", "", "R", 11.81, 45.28, 0, 0],
		[288, "USB1_A6", 3361.12, 293.37, "T", "SMD", "USB1_A6", "", "R", 11.81, 45.28, 0, 0],
		[289, "USB1_A7", 3380.8, 293.37, "T", "SMD", "USB1_A7", "", "R", 11.81, 45.28, 0, 0],
		[290, "USB1_A8", 3302.06, 293.37, "T", "SMD", "USB1_A8", "", "R", 11.81, 45.28, 0, 0],
		[291, "USB1_B1A12", 3496.95, 293.37, "T", "SMD", "GND", "GND", "R", 23.62, 45.28, 0, 0],
		[292, "USB1_B4A9", 3465.45, 293.37, "T", "SMD", "VUSB", "", "R", 23.62, 45.28, 0, 0],
		[293, "USB1_B5", 3439.86, 293.37, "T", "SMD", "USB1_B5", "", "R", 11.81, 45.28, 0, 0],
		[294, "USB1_B6", 3400.49, 293.37, "T", "SMD", "USB1_A6", "", "R", 11.81, 45.28, 0, 0],
		[295, "USB1_B7", 3341.43, 293.37, "T", "SMD", "USB1_A7", "", "R", 11.81, 45.28, 0, 0],
		[296, "USB1_B8", 3420.17, 293.37, "T", "SMD", "USB1_B8", "", "R", 11.81, 45.28, 0, 0],
		[297, "X2_1", 1243.17, 694.92, "T", "SMD", "XTAL-", "", "R", 55.12, 47.24, 0, 270],
		[298, "X2_2", 1243.17, 608.3, "T", "SMD", "GND", "GND", "R", 55.12, 47.24, 0, 270],
		[299, "X2_3", 1310.1, 608.3, "T", "SMD", "XTAL+", "", "R", 55.12, 47.24, 0, 270],
		[300, "X2_4", 1310.1, 694.92, "T", "SMD", "GND", "GND", "R", 55.12, 47.24, 0, 270],
		[301, "PAD1_1", 3797.88, 718.38, "T", "DIP", "3V3", "", "C", 62, 62, 42, 270],
		[302, "PAD1_1", 3797.88, 718.38, "B", "DIP", "3V3", "", "C", 62, 62, 42, 270],
		[303, "PAD2_1", 3797.88, 618.38, "T", "DIP", "JTAG12", "", "C", 62, 62, 42, 270],
		[304, "PAD2_1", 3797.88, 618.38, "B", "DIP", "JTAG12", "", "C", 62, 62, 42, 270],
		[305, "PAD3_1", 3797.88, 518.38, "T", "DIP", "JTAG14", "", "C", 62, 62, 42, 270],
		[306, "PAD3_1", 3797.88, 518.38, "B", "DIP", "JTAG14", "", "C", 62, 62, 42, 270],
		[307, "PAD4_1", 3797.88, 418.38, "T", "DIP", "GND", "GND", "C", 62, 62, 42, 270],
		[308, "PAD4_1", 3797.88, 418.38, "B", "DIP", "GND", "GND", "C", 62, 62, 42, 270]
	]
}
}